Commodity,State,District
Apple,Uttar Pradesh,Agra
Arhar Dal(Tur Dal),Uttar Pradesh,Agra
Arhar(Tur/Red Gram)(Whole),Uttar Pradesh,Agra
Bajra(Pearl Millet/Cumbu),Uttar Pradesh,Agra
Banana,Uttar Pradesh,Agra
Banana - Green,Uttar Pradesh,Agra
Barley(Jau),Uttar Pradesh,Agra
Bengal Gram Dal(Chana Dal),Uttar Pradesh,Agra
Bengal Gram(Gram)(Whole),Uttar Pradesh,Agra
Ber(Zizyphus/Borehannu),Uttar Pradesh,Agra
Bhindi(Ladies Finger),Uttar Pradesh,Agra
Bitter gourd,Uttar Pradesh,Agra
Black Gram Dal(Urd Dal),Uttar Pradesh,Agra
Bottle gourd,Uttar Pradesh,Agra
Brinjal,Uttar Pradesh,Agra
Cabbage,Uttar Pradesh,Agra
Capsicum,Uttar Pradesh,Agra
Carrot,Uttar Pradesh,Agra
Castor Seed,Uttar Pradesh,Agra
Cauliflower,Uttar Pradesh,Agra
Chikoos(Sapota),Uttar Pradesh,Agra
Chili Red,Uttar Pradesh,Agra
Colacasia,Uttar Pradesh,Agra
Coriander(Leaves),Uttar Pradesh,Agra
Cowpea(Lobia/Karamani),Uttar Pradesh,Agra
Cucumbar(Kheera),Uttar Pradesh,Agra
Dhaincha,Uttar Pradesh,Agra
Field Pea,Uttar Pradesh,Agra
Firewood,Uttar Pradesh,Agra
Fish,Uttar Pradesh,Agra
Garlic,Uttar Pradesh,Agra
Ginger(Green),Uttar Pradesh,Agra
Gram Raw(Chholia),Uttar Pradesh,Agra
Grapes,Uttar Pradesh,Agra
Green Chilli,Uttar Pradesh,Agra
Green Gram Dal(Moong Dal),Uttar Pradesh,Agra
Green Gram(Moong)(Whole),Uttar Pradesh,Agra
Groundnut,Uttar Pradesh,Agra
Guava,Uttar Pradesh,Agra
Gur(Jaggery),Uttar Pradesh,Agra
Indian Beans(Seam),Uttar Pradesh,Agra
Jack Fruit(Ripe),Uttar Pradesh,Agra
Jowar(Sorghum),Uttar Pradesh,Agra
Karbuja(Musk Melon),Uttar Pradesh,Agra
Khandsari(Desi Khand),Uttar Pradesh,Agra
Lemon,Uttar Pradesh,Agra
Lentil(Masur)(Whole),Uttar Pradesh,Agra
Linseed,Uttar Pradesh,Agra
Litchi,Uttar Pradesh,Agra
Maize,Uttar Pradesh,Agra
Makhana(Foxnut),Uttar Pradesh,Agra
Mango,Uttar Pradesh,Agra
Masur Dal,Uttar Pradesh,Agra
Methi Seeds,Uttar Pradesh,Agra
Mousambi(Sweet Lime),Uttar Pradesh,Agra
Mustard,Uttar Pradesh,Agra
Onion,Uttar Pradesh,Agra
Orange,Uttar Pradesh,Agra
Paddy(Basmati),Uttar Pradesh,Agra
Paddy(Common),Uttar Pradesh,Agra
Papaya,Uttar Pradesh,Agra
Peas(Dry),Uttar Pradesh,Agra
Pegeon Pea(Arhar Fali),Uttar Pradesh,Agra
Pointed gourd(Parval),Uttar Pradesh,Agra
Pomegranate,Uttar Pradesh,Agra
Potato,Uttar Pradesh,Agra
Pumpkin,Uttar Pradesh,Agra
Raddish,Uttar Pradesh,Agra
Rambans(Agave /Century plant),Uttar Pradesh,Agra
Red gram/Arhar/Tur(whole),Uttar Pradesh,Agra
Rice,Uttar Pradesh,Agra
Sanai/Sunhemp,Uttar Pradesh,Agra
"Sesamum(Sesame,Gingelly,Til)",Uttar Pradesh,Agra
Soanf,Uttar Pradesh,Agra
Soyabean,Uttar Pradesh,Agra
Spinach,Uttar Pradesh,Agra
Sponge gourd,Uttar Pradesh,Agra
Sugar,Uttar Pradesh,Agra
Sweet Potato,Uttar Pradesh,Agra
Sweet Saag,Uttar Pradesh,Agra
Tinda,Uttar Pradesh,Agra
Tomato,Uttar Pradesh,Agra
Water Melon,Uttar Pradesh,Agra
Wheat,Uttar Pradesh,Agra
White Peas,Uttar Pradesh,Agra
Wood,Uttar Pradesh,Agra
dried mango,Uttar Pradesh,Agra
Arhar(Tur/Red Gram)(Whole),Uttar Pradesh,Aligarh
Bajra(Pearl Millet/Cumbu),Uttar Pradesh,Aligarh
Barley(Jau),Uttar Pradesh,Aligarh
Bengal Gram(Gram)(Whole),Uttar Pradesh,Aligarh
Green Gram(Moong)(Whole),Uttar Pradesh,Aligarh
Maize,Uttar Pradesh,Aligarh
Mustard,Uttar Pradesh,Aligarh
Onion,Uttar Pradesh,Aligarh
Paddy(Common),Uttar Pradesh,Aligarh
Potato,Uttar Pradesh,Aligarh
Red gram/Arhar/Tur(whole),Uttar Pradesh,Aligarh
Tomato,Uttar Pradesh,Aligarh
Wheat,Uttar Pradesh,Aligarh
Onion,Uttar Pradesh,Ambedkarnagar
Paddy(Common),Uttar Pradesh,Ambedkarnagar
Potato,Uttar Pradesh,Ambedkarnagar
Tomato,Uttar Pradesh,Ambedkarnagar
Wheat,Uttar Pradesh,Ambedkarnagar
Groundnut,Uttar Pradesh,Amethi
Maize,Uttar Pradesh,Amethi
Mustard,Uttar Pradesh,Amethi
Onion,Uttar Pradesh,Amethi
Paddy(Common),Uttar Pradesh,Amethi
Potato,Uttar Pradesh,Amethi
Tomato,Uttar Pradesh,Amethi
Wheat,Uttar Pradesh,Amethi
Bajra(Pearl Millet/Cumbu),Uttar Pradesh,Amroha
Bengal Gram(Gram)(Whole),Uttar Pradesh,Amroha
Green Gram(Moong)(Whole),Uttar Pradesh,Amroha
Maize,Uttar Pradesh,Amroha
Mustard,Uttar Pradesh,Amroha
Onion,Uttar Pradesh,Amroha
Paddy(Common),Uttar Pradesh,Amroha
Potato,Uttar Pradesh,Amroha
Tomato,Uttar Pradesh,Amroha
Wheat,Uttar Pradesh,Amroha
Arhar(Tur/Red Gram)(Whole),Uttar Pradesh,Auraiya
Bajra(Pearl Millet/Cumbu),Uttar Pradesh,Auraiya
Barley(Jau),Uttar Pradesh,Auraiya
Green Gram(Moong)(Whole),Uttar Pradesh,Auraiya
Jowar(Sorghum),Uttar Pradesh,Auraiya
Maize,Uttar Pradesh,Auraiya
Mustard,Uttar Pradesh,Auraiya
Onion,Uttar Pradesh,Auraiya
Paddy(Common),Uttar Pradesh,Auraiya
Potato,Uttar Pradesh,Auraiya
Red gram/Arhar/Tur(whole),Uttar Pradesh,Auraiya
"Sesamum(Sesame,Gingelly,Til)",Uttar Pradesh,Auraiya
Tomato,Uttar Pradesh,Auraiya
Wheat,Uttar Pradesh,Auraiya
Bengal Gram(Gram)(Whole),Uttar Pradesh,Ayodhya
Green Gram(Moong)(Whole),Uttar Pradesh,Ayodhya
Groundnut,Uttar Pradesh,Ayodhya
Jowar(Sorghum),Uttar Pradesh,Ayodhya
Maize,Uttar Pradesh,Ayodhya
Mustard,Uttar Pradesh,Ayodhya
Onion,Uttar Pradesh,Ayodhya
Paddy(Common),Uttar Pradesh,Ayodhya
Potato,Uttar Pradesh,Ayodhya
Tomato,Uttar Pradesh,Ayodhya
Wheat,Uttar Pradesh,Ayodhya
Barley(Jau),Uttar Pradesh,Azamgarh
Bengal Gram(Gram)(Whole),Uttar Pradesh,Azamgarh
Mustard,Uttar Pradesh,Azamgarh
Onion,Uttar Pradesh,Azamgarh
Paddy(Common),Uttar Pradesh,Azamgarh
Potato,Uttar Pradesh,Azamgarh
Tomato,Uttar Pradesh,Azamgarh
Wheat,Uttar Pradesh,Azamgarh
Bajra(Pearl Millet/Cumbu),Uttar Pradesh,Badaun
Barley(Jau),Uttar Pradesh,Badaun
Black Gram(Urd Beans)(Whole),Uttar Pradesh,Badaun
Maize,Uttar Pradesh,Badaun
Mustard,Uttar Pradesh,Badaun
Onion,Uttar Pradesh,Badaun
Paddy(Common),Uttar Pradesh,Badaun
Potato,Uttar Pradesh,Badaun
Tomato,Uttar Pradesh,Badaun
Wheat,Uttar Pradesh,Badaun
Apple,Uttar Pradesh,Baghpat
Arhar Dal(Tur Dal),Uttar Pradesh,Baghpat
Bajra(Pearl Millet/Cumbu),Uttar Pradesh,Baghpat
Banana - Green,Uttar Pradesh,Baghpat
Barley(Jau),Uttar Pradesh,Baghpat
Bengal Gram Dal(Chana Dal),Uttar Pradesh,Baghpat
Bengal Gram(Gram)(Whole),Uttar Pradesh,Baghpat
Bhindi(Ladies Finger),Uttar Pradesh,Baghpat
Bitter gourd,Uttar Pradesh,Baghpat
Black Gram Dal(Urd Dal),Uttar Pradesh,Baghpat
Bottle gourd,Uttar Pradesh,Baghpat
Brinjal,Uttar Pradesh,Baghpat
Cabbage,Uttar Pradesh,Baghpat
Capsicum,Uttar Pradesh,Baghpat
Carrot,Uttar Pradesh,Baghpat
Cauliflower,Uttar Pradesh,Baghpat
Colacasia,Uttar Pradesh,Baghpat
Cucumbar(Kheera),Uttar Pradesh,Baghpat
Garlic,Uttar Pradesh,Baghpat
Ginger(Green),Uttar Pradesh,Baghpat
Gram Raw(Chholia),Uttar Pradesh,Baghpat
Green Chilli,Uttar Pradesh,Baghpat
Green Gram Dal(Moong Dal),Uttar Pradesh,Baghpat
Green Gram(Moong)(Whole),Uttar Pradesh,Baghpat
Gur(Jaggery),Uttar Pradesh,Baghpat
Leafy Vegetable,Uttar Pradesh,Baghpat
Lemon,Uttar Pradesh,Baghpat
Mango,Uttar Pradesh,Baghpat
Masur Dal,Uttar Pradesh,Baghpat
Mousambi(Sweet Lime),Uttar Pradesh,Baghpat
Mustard,Uttar Pradesh,Baghpat
Mustard Oil,Uttar Pradesh,Baghpat
Onion,Uttar Pradesh,Baghpat
Papaya,Uttar Pradesh,Baghpat
Peas Wet,Uttar Pradesh,Baghpat
Pegeon Pea(Arhar Fali),Uttar Pradesh,Baghpat
Potato,Uttar Pradesh,Baghpat
Pumpkin,Uttar Pradesh,Baghpat
Rab/Liquid Jaggery/Molasses,Uttar Pradesh,Baghpat
Raddish,Uttar Pradesh,Baghpat
Rice,Uttar Pradesh,Baghpat
Sponge gourd,Uttar Pradesh,Baghpat
Sugar,Uttar Pradesh,Baghpat
Sweet Potato,Uttar Pradesh,Baghpat
Tomato,Uttar Pradesh,Baghpat
Water Melon,Uttar Pradesh,Baghpat
Wheat,Uttar Pradesh,Baghpat
Wood,Uttar Pradesh,Baghpat
Arhar(Tur/Red Gram)(Whole),Uttar Pradesh,Bahraich
Green Gram(Moong)(Whole),Uttar Pradesh,Bahraich
Groundnut,Uttar Pradesh,Bahraich
Maize,Uttar Pradesh,Bahraich
Mustard,Uttar Pradesh,Bahraich
Onion,Uttar Pradesh,Bahraich
Paddy(Common),Uttar Pradesh,Bahraich
Potato,Uttar Pradesh,Bahraich
Red gram/Arhar/Tur(whole),Uttar Pradesh,Bahraich
Tomato,Uttar Pradesh,Bahraich
Wheat,Uttar Pradesh,Bahraich
Barley(Jau),Uttar Pradesh,Ballia
Maize,Uttar Pradesh,Ballia
Mustard,Uttar Pradesh,Ballia
Onion,Uttar Pradesh,Ballia
Paddy(Common),Uttar Pradesh,Ballia
Potato,Uttar Pradesh,Ballia
"Sesamum(Sesame,Gingelly,Til)",Uttar Pradesh,Ballia
Tomato,Uttar Pradesh,Ballia
Wheat,Uttar Pradesh,Ballia
Groundnut,Uttar Pradesh,Balrampur
Lentil(Masur)(Whole),Uttar Pradesh,Balrampur
Mustard,Uttar Pradesh,Balrampur
Onion,Uttar Pradesh,Balrampur
Paddy(Common),Uttar Pradesh,Balrampur
Potato,Uttar Pradesh,Balrampur
Tomato,Uttar Pradesh,Balrampur
Wheat,Uttar Pradesh,Balrampur
Arhar(Tur/Red Gram)(Whole),Uttar Pradesh,Banda
Bengal Gram(Gram)(Whole),Uttar Pradesh,Banda
Lentil(Masur)(Whole),Uttar Pradesh,Banda
Mustard,Uttar Pradesh,Banda
Onion,Uttar Pradesh,Banda
Paddy(Common),Uttar Pradesh,Banda
Potato,Uttar Pradesh,Banda
Ragi(Finger Millet),Uttar Pradesh,Banda
Red gram/Arhar/Tur(whole),Uttar Pradesh,Banda
"Sesamum(Sesame,Gingelly,Til)",Uttar Pradesh,Banda
Tomato,Uttar Pradesh,Banda
Wheat,Uttar Pradesh,Banda
Bengal Gram(Gram)(Whole),Uttar Pradesh,Barabanki
Black Gram(Urd Beans)(Whole),Uttar Pradesh,Barabanki
Groundnut,Uttar Pradesh,Barabanki
Lentil(Masur)(Whole),Uttar Pradesh,Barabanki
Maize,Uttar Pradesh,Barabanki
Mustard,Uttar Pradesh,Barabanki
Onion,Uttar Pradesh,Barabanki
Paddy(Common),Uttar Pradesh,Barabanki
Potato,Uttar Pradesh,Barabanki
Tomato,Uttar Pradesh,Barabanki
Wheat,Uttar Pradesh,Barabanki
Arhar(Tur/Red Gram)(Whole),Uttar Pradesh,Bareilly
Bajra(Pearl Millet/Cumbu),Uttar Pradesh,Bareilly
Barley(Jau),Uttar Pradesh,Bareilly
Bengal Gram(Gram)(Whole),Uttar Pradesh,Bareilly
Green Gram(Moong)(Whole),Uttar Pradesh,Bareilly
Groundnut,Uttar Pradesh,Bareilly
Jowar(Sorghum),Uttar Pradesh,Bareilly
Maize,Uttar Pradesh,Bareilly
Mustard,Uttar Pradesh,Bareilly
Onion,Uttar Pradesh,Bareilly
Paddy(Common),Uttar Pradesh,Bareilly
Potato,Uttar Pradesh,Bareilly
Red gram/Arhar/Tur(whole),Uttar Pradesh,Bareilly
"Sesamum(Sesame,Gingelly,Til)",Uttar Pradesh,Bareilly
Soyabean,Uttar Pradesh,Bareilly
Tomato,Uttar Pradesh,Bareilly
Wheat,Uttar Pradesh,Bareilly
Bengal Gram(Gram)(Whole),Uttar Pradesh,Basti
Groundnut,Uttar Pradesh,Basti
Mustard,Uttar Pradesh,Basti
Onion,Uttar Pradesh,Basti
Paddy(Common),Uttar Pradesh,Basti
Potato,Uttar Pradesh,Basti
Tomato,Uttar Pradesh,Basti
Wheat,Uttar Pradesh,Basti
Mustard,Uttar Pradesh,Bhadohi(Sant Ravi Nagar)
Onion,Uttar Pradesh,Bhadohi(Sant Ravi Nagar)
Paddy(Common),Uttar Pradesh,Bhadohi(Sant Ravi Nagar)
Wheat,Uttar Pradesh,Bhadohi(Sant Ravi Nagar)
Amla(Nelli Kai),Uttar Pradesh,Bijnor
Apple,Uttar Pradesh,Bijnor
Arhar Dal(Tur Dal),Uttar Pradesh,Bijnor
Arhar(Tur/Red Gram)(Whole),Uttar Pradesh,Bijnor
Bajra(Pearl Millet/Cumbu),Uttar Pradesh,Bijnor
Banana - Green,Uttar Pradesh,Bijnor
Bengal Gram Dal(Chana Dal),Uttar Pradesh,Bijnor
Bengal Gram(Gram)(Whole),Uttar Pradesh,Bijnor
Bhindi(Ladies Finger),Uttar Pradesh,Bijnor
Bitter gourd,Uttar Pradesh,Bijnor
Black Gram Dal(Urd Dal),Uttar Pradesh,Bijnor
Bottle gourd,Uttar Pradesh,Bijnor
Brinjal,Uttar Pradesh,Bijnor
Cabbage,Uttar Pradesh,Bijnor
Capsicum,Uttar Pradesh,Bijnor
Carrot,Uttar Pradesh,Bijnor
Cauliflower,Uttar Pradesh,Bijnor
Colacasia,Uttar Pradesh,Bijnor
Cowpea(Lobia/Karamani),Uttar Pradesh,Bijnor
Cucumbar(Kheera),Uttar Pradesh,Bijnor
Dhaincha,Uttar Pradesh,Bijnor
Firewood,Uttar Pradesh,Bijnor
Garlic,Uttar Pradesh,Bijnor
Ginger(Green),Uttar Pradesh,Bijnor
Gram Raw(Chholia),Uttar Pradesh,Bijnor
Green Chilli,Uttar Pradesh,Bijnor
Green Gram Dal(Moong Dal),Uttar Pradesh,Bijnor
Green Gram(Moong)(Whole),Uttar Pradesh,Bijnor
Guava,Uttar Pradesh,Bijnor
Gur(Jaggery),Uttar Pradesh,Bijnor
Khandsari(Desi Khand),Uttar Pradesh,Bijnor
Lemon,Uttar Pradesh,Bijnor
Linseed,Uttar Pradesh,Bijnor
Maize,Uttar Pradesh,Bijnor
Mango,Uttar Pradesh,Bijnor
Masur Dal,Uttar Pradesh,Bijnor
Mousambi(Sweet Lime),Uttar Pradesh,Bijnor
Mustard,Uttar Pradesh,Bijnor
Onion,Uttar Pradesh,Bijnor
Paddy(Common),Uttar Pradesh,Bijnor
Papaya,Uttar Pradesh,Bijnor
Pea Pod/Pea Cod/हरी मटर,Uttar Pradesh,Bijnor
Peas(Dry),Uttar Pradesh,Bijnor
Pegeon Pea(Arhar Fali),Uttar Pradesh,Bijnor
Pomegranate,Uttar Pradesh,Bijnor
Potato,Uttar Pradesh,Bijnor
Pumpkin,Uttar Pradesh,Bijnor
Rab/Liquid Jaggery/Molasses,Uttar Pradesh,Bijnor
Raddish,Uttar Pradesh,Bijnor
Red gram/Arhar/Tur(whole),Uttar Pradesh,Bijnor
Rice,Uttar Pradesh,Bijnor
Ridgeguard(Tori),Uttar Pradesh,Bijnor
Sweet Potato,Uttar Pradesh,Bijnor
Tomato,Uttar Pradesh,Bijnor
Water Melon,Uttar Pradesh,Bijnor
Wheat,Uttar Pradesh,Bijnor
Wood,Uttar Pradesh,Bijnor
dried mango,Uttar Pradesh,Bijnor
Arhar(Tur/Red Gram)(Whole),Uttar Pradesh,Bulandshahar
Bajra(Pearl Millet/Cumbu),Uttar Pradesh,Bulandshahar
Barley(Jau),Uttar Pradesh,Bulandshahar
Bengal Gram(Gram)(Whole),Uttar Pradesh,Bulandshahar
Groundnut,Uttar Pradesh,Bulandshahar
Jowar(Sorghum),Uttar Pradesh,Bulandshahar
Maize,Uttar Pradesh,Bulandshahar
Mustard,Uttar Pradesh,Bulandshahar
Onion,Uttar Pradesh,Bulandshahar
Paddy(Common),Uttar Pradesh,Bulandshahar
Potato,Uttar Pradesh,Bulandshahar
Red gram/Arhar/Tur(whole),Uttar Pradesh,Bulandshahar
"Sesamum(Sesame,Gingelly,Til)",Uttar Pradesh,Bulandshahar
Soyabean,Uttar Pradesh,Bulandshahar
Tomato,Uttar Pradesh,Bulandshahar
Wheat,Uttar Pradesh,Bulandshahar
Arhar(Tur/Red Gram)(Whole),Uttar Pradesh,Chandauli
Onion,Uttar Pradesh,Chandauli
Paddy(Common),Uttar Pradesh,Chandauli
Red gram/Arhar/Tur(whole),Uttar Pradesh,Chandauli
Wheat,Uttar Pradesh,Chandauli
Arhar(Tur/Red Gram)(Whole),Uttar Pradesh,Chitrakut
Bajra(Pearl Millet/Cumbu),Uttar Pradesh,Chitrakut
Barley(Jau),Uttar Pradesh,Chitrakut
Bengal Gram(Gram)(Whole),Uttar Pradesh,Chitrakut
Lentil(Masur)(Whole),Uttar Pradesh,Chitrakut
Mustard,Uttar Pradesh,Chitrakut
Onion,Uttar Pradesh,Chitrakut
Paddy(Common),Uttar Pradesh,Chitrakut
Potato,Uttar Pradesh,Chitrakut
Red gram/Arhar/Tur(whole),Uttar Pradesh,Chitrakut
"Sesamum(Sesame,Gingelly,Til)",Uttar Pradesh,Chitrakut
Tomato,Uttar Pradesh,Chitrakut
Wheat,Uttar Pradesh,Chitrakut
Groundnut,Uttar Pradesh,Deoria
Maize,Uttar Pradesh,Deoria
Onion,Uttar Pradesh,Deoria
Paddy(Common),Uttar Pradesh,Deoria
Soyabean,Uttar Pradesh,Deoria
Tomato,Uttar Pradesh,Deoria
Wheat,Uttar Pradesh,Deoria
Bajra(Pearl Millet/Cumbu),Uttar Pradesh,Etah
Green Gram(Moong)(Whole),Uttar Pradesh,Etah
Groundnut,Uttar Pradesh,Etah
Jowar(Sorghum),Uttar Pradesh,Etah
Maize,Uttar Pradesh,Etah
Mustard,Uttar Pradesh,Etah
Onion,Uttar Pradesh,Etah
Paddy(Common),Uttar Pradesh,Etah
Potato,Uttar Pradesh,Etah
Tomato,Uttar Pradesh,Etah
Wheat,Uttar Pradesh,Etah
Bajra(Pearl Millet/Cumbu),Uttar Pradesh,Etawah
Green Gram(Moong)(Whole),Uttar Pradesh,Etawah
Groundnut,Uttar Pradesh,Etawah
Maize,Uttar Pradesh,Etawah
Mustard,Uttar Pradesh,Etawah
Onion,Uttar Pradesh,Etawah
Paddy(Common),Uttar Pradesh,Etawah
Potato,Uttar Pradesh,Etawah
Tomato,Uttar Pradesh,Etawah
Wheat,Uttar Pradesh,Etawah
Bajra(Pearl Millet/Cumbu),Uttar Pradesh,Farukhabad
Green Gram(Moong)(Whole),Uttar Pradesh,Farukhabad
Groundnut,Uttar Pradesh,Farukhabad
Maize,Uttar Pradesh,Farukhabad
Mustard,Uttar Pradesh,Farukhabad
Onion,Uttar Pradesh,Farukhabad
Paddy(Common),Uttar Pradesh,Farukhabad
Potato,Uttar Pradesh,Farukhabad
Red gram/Arhar/Tur(whole),Uttar Pradesh,Farukhabad
Tomato,Uttar Pradesh,Farukhabad
Wheat,Uttar Pradesh,Farukhabad
Bajra(Pearl Millet/Cumbu),Uttar Pradesh,Fatehpur
Barley(Jau),Uttar Pradesh,Fatehpur
Bengal Gram(Gram)(Whole),Uttar Pradesh,Fatehpur
Green Gram(Moong)(Whole),Uttar Pradesh,Fatehpur
Groundnut,Uttar Pradesh,Fatehpur
Jowar(Sorghum),Uttar Pradesh,Fatehpur
Maize,Uttar Pradesh,Fatehpur
Mustard,Uttar Pradesh,Fatehpur
Onion,Uttar Pradesh,Fatehpur
Paddy(Common),Uttar Pradesh,Fatehpur
Potato,Uttar Pradesh,Fatehpur
Tomato,Uttar Pradesh,Fatehpur
Wheat,Uttar Pradesh,Fatehpur
Bajra(Pearl Millet/Cumbu),Uttar Pradesh,Firozabad
Barley(Jau),Uttar Pradesh,Firozabad
Maize,Uttar Pradesh,Firozabad
Mustard,Uttar Pradesh,Firozabad
Onion,Uttar Pradesh,Firozabad
Paddy(Common),Uttar Pradesh,Firozabad
Potato,Uttar Pradesh,Firozabad
Tomato,Uttar Pradesh,Firozabad
Wheat,Uttar Pradesh,Firozabad
Apple,Uttar Pradesh,Gautam Budh Nagar
Arhar Dal(Tur Dal),Uttar Pradesh,Gautam Budh Nagar
Arhar(Tur/Red Gram)(Whole),Uttar Pradesh,Gautam Budh Nagar
Bajra(Pearl Millet/Cumbu),Uttar Pradesh,Gautam Budh Nagar
Banana,Uttar Pradesh,Gautam Budh Nagar
Banana - Green,Uttar Pradesh,Gautam Budh Nagar
Barley(Jau),Uttar Pradesh,Gautam Budh Nagar
Bengal Gram Dal(Chana Dal),Uttar Pradesh,Gautam Budh Nagar
Bengal Gram(Gram)(Whole),Uttar Pradesh,Gautam Budh Nagar
Bhindi(Ladies Finger),Uttar Pradesh,Gautam Budh Nagar
Bitter gourd,Uttar Pradesh,Gautam Budh Nagar
Black Gram Dal(Urd Dal),Uttar Pradesh,Gautam Budh Nagar
Black Gram(Urd Beans)(Whole),Uttar Pradesh,Gautam Budh Nagar
Bottle gourd,Uttar Pradesh,Gautam Budh Nagar
Brinjal,Uttar Pradesh,Gautam Budh Nagar
Cabbage,Uttar Pradesh,Gautam Budh Nagar
Capsicum,Uttar Pradesh,Gautam Budh Nagar
Carrot,Uttar Pradesh,Gautam Budh Nagar
Cauliflower,Uttar Pradesh,Gautam Budh Nagar
Chili Red,Uttar Pradesh,Gautam Budh Nagar
Colacasia,Uttar Pradesh,Gautam Budh Nagar
Coriander(Leaves),Uttar Pradesh,Gautam Budh Nagar
Cowpea(Lobia/Karamani),Uttar Pradesh,Gautam Budh Nagar
Cucumbar(Kheera),Uttar Pradesh,Gautam Budh Nagar
Flowers-Others,Uttar Pradesh,Gautam Budh Nagar
Garlic,Uttar Pradesh,Gautam Budh Nagar
Ginger(Green),Uttar Pradesh,Gautam Budh Nagar
Gram Raw(Chholia),Uttar Pradesh,Gautam Budh Nagar
Grapes,Uttar Pradesh,Gautam Budh Nagar
Green Chilli,Uttar Pradesh,Gautam Budh Nagar
Green Gram Dal(Moong Dal),Uttar Pradesh,Gautam Budh Nagar
Green Gram(Moong)(Whole),Uttar Pradesh,Gautam Budh Nagar
Groundnut,Uttar Pradesh,Gautam Budh Nagar
Guava,Uttar Pradesh,Gautam Budh Nagar
Gur(Jaggery),Uttar Pradesh,Gautam Budh Nagar
Jaee,Uttar Pradesh,Gautam Budh Nagar
Jowar(Sorghum),Uttar Pradesh,Gautam Budh Nagar
Karbuja(Musk Melon),Uttar Pradesh,Gautam Budh Nagar
Khandsari(Desi Khand),Uttar Pradesh,Gautam Budh Nagar
Lemon,Uttar Pradesh,Gautam Budh Nagar
Lentil(Masur)(Whole),Uttar Pradesh,Gautam Budh Nagar
Linseed,Uttar Pradesh,Gautam Budh Nagar
Maize,Uttar Pradesh,Gautam Budh Nagar
Makhana(Foxnut),Uttar Pradesh,Gautam Budh Nagar
Mango,Uttar Pradesh,Gautam Budh Nagar
Masur Dal,Uttar Pradesh,Gautam Budh Nagar
Methi Seeds,Uttar Pradesh,Gautam Budh Nagar
Mousambi(Sweet Lime),Uttar Pradesh,Gautam Budh Nagar
Mustard,Uttar Pradesh,Gautam Budh Nagar
Mustard Oil,Uttar Pradesh,Gautam Budh Nagar
Onion,Uttar Pradesh,Gautam Budh Nagar
Orange,Uttar Pradesh,Gautam Budh Nagar
Paddy(Basmati),Uttar Pradesh,Gautam Budh Nagar
Paddy(Common),Uttar Pradesh,Gautam Budh Nagar
Papaya,Uttar Pradesh,Gautam Budh Nagar
Pea Pod/Pea Cod/हरी मटर,Uttar Pradesh,Gautam Budh Nagar
Peas(Dry),Uttar Pradesh,Gautam Budh Nagar
Pegeon Pea(Arhar Fali),Uttar Pradesh,Gautam Budh Nagar
Pomegranate,Uttar Pradesh,Gautam Budh Nagar
Potato,Uttar Pradesh,Gautam Budh Nagar
Pumpkin,Uttar Pradesh,Gautam Budh Nagar
Raddish,Uttar Pradesh,Gautam Budh Nagar
Red gram/Arhar/Tur(whole),Uttar Pradesh,Gautam Budh Nagar
Rice,Uttar Pradesh,Gautam Budh Nagar
Ridgeguard(Tori),Uttar Pradesh,Gautam Budh Nagar
"Sesamum(Sesame,Gingelly,Til)",Uttar Pradesh,Gautam Budh Nagar
Soanf,Uttar Pradesh,Gautam Budh Nagar
Soyabean,Uttar Pradesh,Gautam Budh Nagar
Spinach,Uttar Pradesh,Gautam Budh Nagar
Sponge gourd,Uttar Pradesh,Gautam Budh Nagar
Sugar,Uttar Pradesh,Gautam Budh Nagar
Sweet Saag,Uttar Pradesh,Gautam Budh Nagar
Tomato,Uttar Pradesh,Gautam Budh Nagar
Turmeric,Uttar Pradesh,Gautam Budh Nagar
Water Melon,Uttar Pradesh,Gautam Budh Nagar
Wheat,Uttar Pradesh,Gautam Budh Nagar
White Peas,Uttar Pradesh,Gautam Budh Nagar
Wood,Uttar Pradesh,Gautam Budh Nagar
dried mango,Uttar Pradesh,Gautam Budh Nagar
poppy seeds,Uttar Pradesh,Gautam Budh Nagar
Apple,Uttar Pradesh,Ghaziabad
Arecanut(Betelnut/Supari),Uttar Pradesh,Ghaziabad
Arhar Dal(Tur Dal),Uttar Pradesh,Ghaziabad
Arhar(Tur/Red Gram)(Whole),Uttar Pradesh,Ghaziabad
Bajra(Pearl Millet/Cumbu),Uttar Pradesh,Ghaziabad
Banana,Uttar Pradesh,Ghaziabad
Banana - Green,Uttar Pradesh,Ghaziabad
Barley(Jau),Uttar Pradesh,Ghaziabad
Bengal Gram Dal(Chana Dal),Uttar Pradesh,Ghaziabad
Bengal Gram(Gram)(Whole),Uttar Pradesh,Ghaziabad
Bhindi(Ladies Finger),Uttar Pradesh,Ghaziabad
Bitter gourd,Uttar Pradesh,Ghaziabad
Black Gram Dal(Urd Dal),Uttar Pradesh,Ghaziabad
Black Gram(Urd Beans)(Whole),Uttar Pradesh,Ghaziabad
Bottle gourd,Uttar Pradesh,Ghaziabad
Brinjal,Uttar Pradesh,Ghaziabad
Cabbage,Uttar Pradesh,Ghaziabad
Capsicum,Uttar Pradesh,Ghaziabad
Carrot,Uttar Pradesh,Ghaziabad
Castor Seed,Uttar Pradesh,Ghaziabad
Catechu(Black Cutch/ Khair/Katha),Uttar Pradesh,Ghaziabad
Cauliflower,Uttar Pradesh,Ghaziabad
Chili Red,Uttar Pradesh,Ghaziabad
Colacasia,Uttar Pradesh,Ghaziabad
Coriander(Leaves),Uttar Pradesh,Ghaziabad
Cowpea(Lobia/Karamani),Uttar Pradesh,Ghaziabad
Cucumbar(Kheera),Uttar Pradesh,Ghaziabad
Firewood,Uttar Pradesh,Ghaziabad
Fish,Uttar Pradesh,Ghaziabad
Flowers-Others,Uttar Pradesh,Ghaziabad
Garlic,Uttar Pradesh,Ghaziabad
Ghee,Uttar Pradesh,Ghaziabad
Ginger(Green),Uttar Pradesh,Ghaziabad
Gond,Uttar Pradesh,Ghaziabad
Gram Raw(Chholia),Uttar Pradesh,Ghaziabad
Grapes,Uttar Pradesh,Ghaziabad
Green Chilli,Uttar Pradesh,Ghaziabad
Green Gram Dal(Moong Dal),Uttar Pradesh,Ghaziabad
Green Gram(Moong)(Whole),Uttar Pradesh,Ghaziabad
Green Peas,Uttar Pradesh,Ghaziabad
Groundnut,Uttar Pradesh,Ghaziabad
Guar,Uttar Pradesh,Ghaziabad
Guava,Uttar Pradesh,Ghaziabad
Gur(Jaggery),Uttar Pradesh,Ghaziabad
Jack Fruit(Ripe),Uttar Pradesh,Ghaziabad
Jaee,Uttar Pradesh,Ghaziabad
Jowar(Sorghum),Uttar Pradesh,Ghaziabad
Karbuja(Musk Melon),Uttar Pradesh,Ghaziabad
Khandsari(Desi Khand),Uttar Pradesh,Ghaziabad
Lemon,Uttar Pradesh,Ghaziabad
Linseed,Uttar Pradesh,Ghaziabad
Litchi,Uttar Pradesh,Ghaziabad
Mahua Seed(Hippe seed),Uttar Pradesh,Ghaziabad
Maize,Uttar Pradesh,Ghaziabad
Makhana(Foxnut),Uttar Pradesh,Ghaziabad
Mango,Uttar Pradesh,Ghaziabad
Masur Dal,Uttar Pradesh,Ghaziabad
Mentha Oil,Uttar Pradesh,Ghaziabad
Methi Seeds,Uttar Pradesh,Ghaziabad
Mousambi(Sweet Lime),Uttar Pradesh,Ghaziabad
Mustard,Uttar Pradesh,Ghaziabad
Mustard Oil,Uttar Pradesh,Ghaziabad
Onion,Uttar Pradesh,Ghaziabad
Orange,Uttar Pradesh,Ghaziabad
Paddy(Basmati),Uttar Pradesh,Ghaziabad
Paddy(Common),Uttar Pradesh,Ghaziabad
Papaya,Uttar Pradesh,Ghaziabad
Pea Pod/Pea Cod/हरी मटर,Uttar Pradesh,Ghaziabad
Peas Wet,Uttar Pradesh,Ghaziabad
Peas(Dry),Uttar Pradesh,Ghaziabad
Pegeon Pea(Arhar Fali),Uttar Pradesh,Ghaziabad
Pomegranate,Uttar Pradesh,Ghaziabad
Potato,Uttar Pradesh,Ghaziabad
Pumpkin,Uttar Pradesh,Ghaziabad
Raddish,Uttar Pradesh,Ghaziabad
Ragi(Finger Millet),Uttar Pradesh,Ghaziabad
Red gram/Arhar/Tur(whole),Uttar Pradesh,Ghaziabad
Rice,Uttar Pradesh,Ghaziabad
Ridgeguard(Tori),Uttar Pradesh,Ghaziabad
"Sesamum(Sesame,Gingelly,Til)",Uttar Pradesh,Ghaziabad
Soanf,Uttar Pradesh,Ghaziabad
Soyabean,Uttar Pradesh,Ghaziabad
Spinach,Uttar Pradesh,Ghaziabad
Sponge gourd,Uttar Pradesh,Ghaziabad
Sugar,Uttar Pradesh,Ghaziabad
Sunflower/Sunflower Seed,Uttar Pradesh,Ghaziabad
Sweet Potato,Uttar Pradesh,Ghaziabad
Sweet Saag,Uttar Pradesh,Ghaziabad
Tinda,Uttar Pradesh,Ghaziabad
Tobacco,Uttar Pradesh,Ghaziabad
Tomato,Uttar Pradesh,Ghaziabad
Turmeric,Uttar Pradesh,Ghaziabad
Water Melon,Uttar Pradesh,Ghaziabad
Wheat,Uttar Pradesh,Ghaziabad
White Peas,Uttar Pradesh,Ghaziabad
Wood,Uttar Pradesh,Ghaziabad
dried mango,Uttar Pradesh,Ghaziabad
poppy seeds,Uttar Pradesh,Ghaziabad
Bajra(Pearl Millet/Cumbu),Uttar Pradesh,Ghazipur
Barley(Jau),Uttar Pradesh,Ghazipur
Bengal Gram(Gram)(Whole),Uttar Pradesh,Ghazipur
Green Gram(Moong)(Whole),Uttar Pradesh,Ghazipur
Groundnut,Uttar Pradesh,Ghazipur
Maize,Uttar Pradesh,Ghazipur
Onion,Uttar Pradesh,Ghazipur
Paddy(Common),Uttar Pradesh,Ghazipur
Potato,Uttar Pradesh,Ghazipur
Tomato,Uttar Pradesh,Ghazipur
Wheat,Uttar Pradesh,Ghazipur
Bajra(Pearl Millet/Cumbu),Uttar Pradesh,Gonda
Bengal Gram(Gram)(Whole),Uttar Pradesh,Gonda
Maize,Uttar Pradesh,Gonda
Mustard,Uttar Pradesh,Gonda
Onion,Uttar Pradesh,Gonda
Paddy(Common),Uttar Pradesh,Gonda
Potato,Uttar Pradesh,Gonda
Tomato,Uttar Pradesh,Gonda
Wheat,Uttar Pradesh,Gonda
Barley(Jau),Uttar Pradesh,Gorakhpur
Bengal Gram(Gram)(Whole),Uttar Pradesh,Gorakhpur
Green Gram(Moong)(Whole),Uttar Pradesh,Gorakhpur
Groundnut,Uttar Pradesh,Gorakhpur
Jowar(Sorghum),Uttar Pradesh,Gorakhpur
Maize,Uttar Pradesh,Gorakhpur
Mustard,Uttar Pradesh,Gorakhpur
Onion,Uttar Pradesh,Gorakhpur
Paddy(Common),Uttar Pradesh,Gorakhpur
Potato,Uttar Pradesh,Gorakhpur
"Sesamum(Sesame,Gingelly,Til)",Uttar Pradesh,Gorakhpur
Tomato,Uttar Pradesh,Gorakhpur
Wheat,Uttar Pradesh,Gorakhpur
Arhar(Tur/Red Gram)(Whole),Uttar Pradesh,Hamirpur
Bajra(Pearl Millet/Cumbu),Uttar Pradesh,Hamirpur
Barley(Jau),Uttar Pradesh,Hamirpur
Bengal Gram(Gram)(Whole),Uttar Pradesh,Hamirpur
Groundnut,Uttar Pradesh,Hamirpur
Jowar(Sorghum),Uttar Pradesh,Hamirpur
Mustard,Uttar Pradesh,Hamirpur
Onion,Uttar Pradesh,Hamirpur
Potato,Uttar Pradesh,Hamirpur
Red gram/Arhar/Tur(whole),Uttar Pradesh,Hamirpur
"Sesamum(Sesame,Gingelly,Til)",Uttar Pradesh,Hamirpur
Tomato,Uttar Pradesh,Hamirpur
Wheat,Uttar Pradesh,Hamirpur
Bajra(Pearl Millet/Cumbu),Uttar Pradesh,Hardoi
Barley(Jau),Uttar Pradesh,Hardoi
Bengal Gram(Gram)(Whole),Uttar Pradesh,Hardoi
Green Gram(Moong)(Whole),Uttar Pradesh,Hardoi
Groundnut,Uttar Pradesh,Hardoi
Jowar(Sorghum),Uttar Pradesh,Hardoi
Maize,Uttar Pradesh,Hardoi
Mustard,Uttar Pradesh,Hardoi
Onion,Uttar Pradesh,Hardoi
Paddy(Common),Uttar Pradesh,Hardoi
Potato,Uttar Pradesh,Hardoi
"Sesamum(Sesame,Gingelly,Til)",Uttar Pradesh,Hardoi
Tomato,Uttar Pradesh,Hardoi
Wheat,Uttar Pradesh,Hardoi
Arhar(Tur/Red Gram)(Whole),Uttar Pradesh,Hathras
Bajra(Pearl Millet/Cumbu),Uttar Pradesh,Hathras
Barley(Jau),Uttar Pradesh,Hathras
Green Gram(Moong)(Whole),Uttar Pradesh,Hathras
Maize,Uttar Pradesh,Hathras
Mustard,Uttar Pradesh,Hathras
Onion,Uttar Pradesh,Hathras
Paddy(Common),Uttar Pradesh,Hathras
Potato,Uttar Pradesh,Hathras
Red gram/Arhar/Tur(whole),Uttar Pradesh,Hathras
"Sesamum(Sesame,Gingelly,Til)",Uttar Pradesh,Hathras
Tomato,Uttar Pradesh,Hathras
Wheat,Uttar Pradesh,Hathras
Arhar(Tur/Red Gram)(Whole),Uttar Pradesh,Jalaun (Orai)
Bajra(Pearl Millet/Cumbu),Uttar Pradesh,Jalaun (Orai)
Barley(Jau),Uttar Pradesh,Jalaun (Orai)
Bengal Gram(Gram)(Whole),Uttar Pradesh,Jalaun (Orai)
Green Gram(Moong)(Whole),Uttar Pradesh,Jalaun (Orai)
Jowar(Sorghum),Uttar Pradesh,Jalaun (Orai)
Lentil(Masur)(Whole),Uttar Pradesh,Jalaun (Orai)
Mustard,Uttar Pradesh,Jalaun (Orai)
Onion,Uttar Pradesh,Jalaun (Orai)
Paddy(Common),Uttar Pradesh,Jalaun (Orai)
Potato,Uttar Pradesh,Jalaun (Orai)
Red gram/Arhar/Tur(whole),Uttar Pradesh,Jalaun (Orai)
"Sesamum(Sesame,Gingelly,Til)",Uttar Pradesh,Jalaun (Orai)
Soyabean,Uttar Pradesh,Jalaun (Orai)
Tomato,Uttar Pradesh,Jalaun (Orai)
Wheat,Uttar Pradesh,Jalaun (Orai)
Bajra(Pearl Millet/Cumbu),Uttar Pradesh,Jaunpur
Green Gram(Moong)(Whole),Uttar Pradesh,Jaunpur
Groundnut,Uttar Pradesh,Jaunpur
Mustard,Uttar Pradesh,Jaunpur
Onion,Uttar Pradesh,Jaunpur
Paddy(Common),Uttar Pradesh,Jaunpur
Potato,Uttar Pradesh,Jaunpur
Tomato,Uttar Pradesh,Jaunpur
Wheat,Uttar Pradesh,Jaunpur
Bajra(Pearl Millet/Cumbu),Uttar Pradesh,Jhansi
Barley(Jau),Uttar Pradesh,Jhansi
Bengal Gram(Gram)(Whole),Uttar Pradesh,Jhansi
Green Gram(Moong)(Whole),Uttar Pradesh,Jhansi
Groundnut,Uttar Pradesh,Jhansi
Jowar(Sorghum),Uttar Pradesh,Jhansi
Lentil(Masur)(Whole),Uttar Pradesh,Jhansi
Maize,Uttar Pradesh,Jhansi
Mustard,Uttar Pradesh,Jhansi
Onion,Uttar Pradesh,Jhansi
Paddy(Common),Uttar Pradesh,Jhansi
Potato,Uttar Pradesh,Jhansi
"Sesamum(Sesame,Gingelly,Til)",Uttar Pradesh,Jhansi
Tomato,Uttar Pradesh,Jhansi
Wheat,Uttar Pradesh,Jhansi
Bajra(Pearl Millet/Cumbu),Uttar Pradesh,Kannuj
Barley(Jau),Uttar Pradesh,Kannuj
Bengal Gram(Gram)(Whole),Uttar Pradesh,Kannuj
Groundnut,Uttar Pradesh,Kannuj
Maize,Uttar Pradesh,Kannuj
Onion,Uttar Pradesh,Kannuj
Paddy(Common),Uttar Pradesh,Kannuj
Potato,Uttar Pradesh,Kannuj
Wheat,Uttar Pradesh,Kannuj
Arhar(Tur/Red Gram)(Whole),Uttar Pradesh,Kanpur
Bajra(Pearl Millet/Cumbu),Uttar Pradesh,Kanpur
Bengal Gram(Gram)(Whole),Uttar Pradesh,Kanpur
Green Gram(Moong)(Whole),Uttar Pradesh,Kanpur
Groundnut,Uttar Pradesh,Kanpur
Jowar(Sorghum),Uttar Pradesh,Kanpur
Maize,Uttar Pradesh,Kanpur
Mustard,Uttar Pradesh,Kanpur
Onion,Uttar Pradesh,Kanpur
Paddy(Common),Uttar Pradesh,Kanpur
Potato,Uttar Pradesh,Kanpur
Red gram/Arhar/Tur(whole),Uttar Pradesh,Kanpur
"Sesamum(Sesame,Gingelly,Til)",Uttar Pradesh,Kanpur
Tomato,Uttar Pradesh,Kanpur
Wheat,Uttar Pradesh,Kanpur
Bajra(Pearl Millet/Cumbu),Uttar Pradesh,Kanpur Dehat
Barley(Jau),Uttar Pradesh,Kanpur Dehat
Bengal Gram(Gram)(Whole),Uttar Pradesh,Kanpur Dehat
Black Gram(Urd Beans)(Whole),Uttar Pradesh,Kanpur Dehat
Green Gram(Moong)(Whole),Uttar Pradesh,Kanpur Dehat
Jowar(Sorghum),Uttar Pradesh,Kanpur Dehat
Maize,Uttar Pradesh,Kanpur Dehat
Mustard,Uttar Pradesh,Kanpur Dehat
Onion,Uttar Pradesh,Kanpur Dehat
Paddy(Common),Uttar Pradesh,Kanpur Dehat
Potato,Uttar Pradesh,Kanpur Dehat
Tomato,Uttar Pradesh,Kanpur Dehat
Wheat,Uttar Pradesh,Kanpur Dehat
Bajra(Pearl Millet/Cumbu),Uttar Pradesh,Kasganj
Barley(Jau),Uttar Pradesh,Kasganj
Maize,Uttar Pradesh,Kasganj
Mustard,Uttar Pradesh,Kasganj
Onion,Uttar Pradesh,Kasganj
Paddy(Common),Uttar Pradesh,Kasganj
Potato,Uttar Pradesh,Kasganj
Tomato,Uttar Pradesh,Kasganj
Wheat,Uttar Pradesh,Kasganj
Bajra(Pearl Millet/Cumbu),Uttar Pradesh,Kaushambi
Green Gram(Moong)(Whole),Uttar Pradesh,Kaushambi
Mustard,Uttar Pradesh,Kaushambi
Paddy(Common),Uttar Pradesh,Kaushambi
Potato,Uttar Pradesh,Kaushambi
Wheat,Uttar Pradesh,Kaushambi
Maize,Uttar Pradesh,Khiri (Lakhimpur)
Mustard,Uttar Pradesh,Khiri (Lakhimpur)
Onion,Uttar Pradesh,Khiri (Lakhimpur)
Paddy(Common),Uttar Pradesh,Khiri (Lakhimpur)
Potato,Uttar Pradesh,Khiri (Lakhimpur)
Tomato,Uttar Pradesh,Khiri (Lakhimpur)
Wheat,Uttar Pradesh,Khiri (Lakhimpur)
Arhar(Tur/Red Gram)(Whole),Uttar Pradesh,Kushinagar
Groundnut,Uttar Pradesh,Kushinagar
Maize,Uttar Pradesh,Kushinagar
Onion,Uttar Pradesh,Kushinagar
Paddy(Common),Uttar Pradesh,Kushinagar
Potato,Uttar Pradesh,Kushinagar
Red gram/Arhar/Tur(whole),Uttar Pradesh,Kushinagar
Soyabean,Uttar Pradesh,Kushinagar
Tomato,Uttar Pradesh,Kushinagar
Wheat,Uttar Pradesh,Kushinagar
Bengal Gram(Gram)(Whole),Uttar Pradesh,Lakhimpur
Green Gram(Moong)(Whole),Uttar Pradesh,Lakhimpur
Groundnut,Uttar Pradesh,Lakhimpur
Maize,Uttar Pradesh,Lakhimpur
Mustard,Uttar Pradesh,Lakhimpur
Onion,Uttar Pradesh,Lakhimpur
Paddy(Common),Uttar Pradesh,Lakhimpur
Potato,Uttar Pradesh,Lakhimpur
Soyabean,Uttar Pradesh,Lakhimpur
Tomato,Uttar Pradesh,Lakhimpur
Wheat,Uttar Pradesh,Lakhimpur
Barley(Jau),Uttar Pradesh,Lalitpur
Bengal Gram(Gram)(Whole),Uttar Pradesh,Lalitpur
Black Gram(Urd Beans)(Whole),Uttar Pradesh,Lalitpur
Green Gram(Moong)(Whole),Uttar Pradesh,Lalitpur
Groundnut,Uttar Pradesh,Lalitpur
Maize,Uttar Pradesh,Lalitpur
Mustard,Uttar Pradesh,Lalitpur
Onion,Uttar Pradesh,Lalitpur
Paddy(Common),Uttar Pradesh,Lalitpur
Potato,Uttar Pradesh,Lalitpur
Soyabean,Uttar Pradesh,Lalitpur
Tomato,Uttar Pradesh,Lalitpur
Wheat,Uttar Pradesh,Lalitpur
Arhar(Tur/Red Gram)(Whole),Uttar Pradesh,Lucknow
Bajra(Pearl Millet/Cumbu),Uttar Pradesh,Lucknow
Bengal Gram(Gram)(Whole),Uttar Pradesh,Lucknow
Green Gram(Moong)(Whole),Uttar Pradesh,Lucknow
Groundnut,Uttar Pradesh,Lucknow
Jowar(Sorghum),Uttar Pradesh,Lucknow
Maize,Uttar Pradesh,Lucknow
Mustard,Uttar Pradesh,Lucknow
Onion,Uttar Pradesh,Lucknow
Paddy(Common),Uttar Pradesh,Lucknow
Potato,Uttar Pradesh,Lucknow
Red gram/Arhar/Tur(whole),Uttar Pradesh,Lucknow
"Sesamum(Sesame,Gingelly,Til)",Uttar Pradesh,Lucknow
Soyabean,Uttar Pradesh,Lucknow
Tomato,Uttar Pradesh,Lucknow
Wheat,Uttar Pradesh,Lucknow
Groundnut,Uttar Pradesh,Maharajganj
Onion,Uttar Pradesh,Maharajganj
Paddy(Common),Uttar Pradesh,Maharajganj
Potato,Uttar Pradesh,Maharajganj
"Sesamum(Sesame,Gingelly,Til)",Uttar Pradesh,Maharajganj
Tomato,Uttar Pradesh,Maharajganj
Wheat,Uttar Pradesh,Maharajganj
Barley(Jau),Uttar Pradesh,Mahoba
Bengal Gram(Gram)(Whole),Uttar Pradesh,Mahoba
Green Gram(Moong)(Whole),Uttar Pradesh,Mahoba
Groundnut,Uttar Pradesh,Mahoba
Jowar(Sorghum),Uttar Pradesh,Mahoba
Lentil(Masur)(Whole),Uttar Pradesh,Mahoba
Mustard,Uttar Pradesh,Mahoba
"Sesamum(Sesame,Gingelly,Til)",Uttar Pradesh,Mahoba
Wheat,Uttar Pradesh,Mahoba
Bajra(Pearl Millet/Cumbu),Uttar Pradesh,Mainpuri
Groundnut,Uttar Pradesh,Mainpuri
Maize,Uttar Pradesh,Mainpuri
Mustard,Uttar Pradesh,Mainpuri
Onion,Uttar Pradesh,Mainpuri
Paddy(Common),Uttar Pradesh,Mainpuri
Potato,Uttar Pradesh,Mainpuri
Wheat,Uttar Pradesh,Mainpuri
Apple,Uttar Pradesh,Mathura
Arhar Dal(Tur Dal),Uttar Pradesh,Mathura
Arhar(Tur/Red Gram)(Whole),Uttar Pradesh,Mathura
Bajra(Pearl Millet/Cumbu),Uttar Pradesh,Mathura
Banana,Uttar Pradesh,Mathura
Banana - Green,Uttar Pradesh,Mathura
Barley(Jau),Uttar Pradesh,Mathura
Beetroot,Uttar Pradesh,Mathura
Bengal Gram(Gram)(Whole),Uttar Pradesh,Mathura
Bhindi(Ladies Finger),Uttar Pradesh,Mathura
Bitter gourd,Uttar Pradesh,Mathura
Black Gram Dal(Urd Dal),Uttar Pradesh,Mathura
Black Gram(Urd Beans)(Whole),Uttar Pradesh,Mathura
Bottle gourd,Uttar Pradesh,Mathura
Brinjal,Uttar Pradesh,Mathura
Cabbage,Uttar Pradesh,Mathura
Capsicum,Uttar Pradesh,Mathura
Carrot,Uttar Pradesh,Mathura
Cauliflower,Uttar Pradesh,Mathura
Chili Red,Uttar Pradesh,Mathura
Colacasia,Uttar Pradesh,Mathura
Coriander(Leaves),Uttar Pradesh,Mathura
Cotton,Uttar Pradesh,Mathura
Cucumbar(Kheera),Uttar Pradesh,Mathura
Dhaincha,Uttar Pradesh,Mathura
Field Pea,Uttar Pradesh,Mathura
Firewood,Uttar Pradesh,Mathura
Flowers-Others,Uttar Pradesh,Mathura
Garlic,Uttar Pradesh,Mathura
Ginger(Green),Uttar Pradesh,Mathura
Grapes,Uttar Pradesh,Mathura
Green Chilli,Uttar Pradesh,Mathura
Green Gram Dal(Moong Dal),Uttar Pradesh,Mathura
Green Gram(Moong)(Whole),Uttar Pradesh,Mathura
Groundnut,Uttar Pradesh,Mathura
Guava,Uttar Pradesh,Mathura
Gur(Jaggery),Uttar Pradesh,Mathura
Indian Beans(Seam),Uttar Pradesh,Mathura
Jack Fruit(Ripe),Uttar Pradesh,Mathura
Jowar(Sorghum),Uttar Pradesh,Mathura
Karbuja(Musk Melon),Uttar Pradesh,Mathura
Lemon,Uttar Pradesh,Mathura
Maize,Uttar Pradesh,Mathura
Makhana(Foxnut),Uttar Pradesh,Mathura
Mango,Uttar Pradesh,Mathura
Mango(Raw-Ripe),Uttar Pradesh,Mathura
Masur Dal,Uttar Pradesh,Mathura
Mousambi(Sweet Lime),Uttar Pradesh,Mathura
Mustard,Uttar Pradesh,Mathura
Onion,Uttar Pradesh,Mathura
Orange,Uttar Pradesh,Mathura
Paddy(Basmati),Uttar Pradesh,Mathura
Paddy(Common),Uttar Pradesh,Mathura
Papaya,Uttar Pradesh,Mathura
Peas(Dry),Uttar Pradesh,Mathura
Pegeon Pea(Arhar Fali),Uttar Pradesh,Mathura
Pomegranate,Uttar Pradesh,Mathura
Potato,Uttar Pradesh,Mathura
Pumpkin,Uttar Pradesh,Mathura
Raddish,Uttar Pradesh,Mathura
Red gram/Arhar/Tur(whole),Uttar Pradesh,Mathura
Rice,Uttar Pradesh,Mathura
Ridgeguard(Tori),Uttar Pradesh,Mathura
"Sesamum(Sesame,Gingelly,Til)",Uttar Pradesh,Mathura
Spinach,Uttar Pradesh,Mathura
Sponge gourd,Uttar Pradesh,Mathura
Sweet Saag,Uttar Pradesh,Mathura
Tinda,Uttar Pradesh,Mathura
Tomato,Uttar Pradesh,Mathura
Turmeric,Uttar Pradesh,Mathura
Water Melon,Uttar Pradesh,Mathura
Wheat,Uttar Pradesh,Mathura
Wood,Uttar Pradesh,Mathura
Barley(Jau),Uttar Pradesh,Mau(Maunathbhanjan)
Bengal Gram(Gram)(Whole),Uttar Pradesh,Mau(Maunathbhanjan)
Groundnut,Uttar Pradesh,Mau(Maunathbhanjan)
Onion,Uttar Pradesh,Mau(Maunathbhanjan)
Paddy(Common),Uttar Pradesh,Mau(Maunathbhanjan)
Potato,Uttar Pradesh,Mau(Maunathbhanjan)
Tomato,Uttar Pradesh,Mau(Maunathbhanjan)
Wheat,Uttar Pradesh,Mau(Maunathbhanjan)
Apple,Uttar Pradesh,Meerut
Arhar Dal(Tur Dal),Uttar Pradesh,Meerut
Arhar(Tur/Red Gram)(Whole),Uttar Pradesh,Meerut
Bajra(Pearl Millet/Cumbu),Uttar Pradesh,Meerut
Banana,Uttar Pradesh,Meerut
Banana - Green,Uttar Pradesh,Meerut
Barley(Jau),Uttar Pradesh,Meerut
Bengal Gram Dal(Chana Dal),Uttar Pradesh,Meerut
Bengal Gram(Gram)(Whole),Uttar Pradesh,Meerut
Bhindi(Ladies Finger),Uttar Pradesh,Meerut
Bitter gourd,Uttar Pradesh,Meerut
Black Gram Dal(Urd Dal),Uttar Pradesh,Meerut
Black Gram(Urd Beans)(Whole),Uttar Pradesh,Meerut
Bottle gourd,Uttar Pradesh,Meerut
Brinjal,Uttar Pradesh,Meerut
Cabbage,Uttar Pradesh,Meerut
Capsicum,Uttar Pradesh,Meerut
Carrot,Uttar Pradesh,Meerut
Cauliflower,Uttar Pradesh,Meerut
Chili Red,Uttar Pradesh,Meerut
Coriander(Leaves),Uttar Pradesh,Meerut
Cucumbar(Kheera),Uttar Pradesh,Meerut
Dhaincha,Uttar Pradesh,Meerut
Firewood,Uttar Pradesh,Meerut
Garlic,Uttar Pradesh,Meerut
Ginger(Green),Uttar Pradesh,Meerut
Gram Raw(Chholia),Uttar Pradesh,Meerut
Green Chilli,Uttar Pradesh,Meerut
Green Gram Dal(Moong Dal),Uttar Pradesh,Meerut
Green Gram(Moong)(Whole),Uttar Pradesh,Meerut
Groundnut,Uttar Pradesh,Meerut
Gur(Jaggery),Uttar Pradesh,Meerut
Jaee,Uttar Pradesh,Meerut
Jowar(Sorghum),Uttar Pradesh,Meerut
Lemon,Uttar Pradesh,Meerut
Lentil(Masur)(Whole),Uttar Pradesh,Meerut
Lime,Uttar Pradesh,Meerut
Maize,Uttar Pradesh,Meerut
Mango,Uttar Pradesh,Meerut
Masur Dal,Uttar Pradesh,Meerut
Mousambi(Sweet Lime),Uttar Pradesh,Meerut
Mustard,Uttar Pradesh,Meerut
Mustard Oil,Uttar Pradesh,Meerut
Onion,Uttar Pradesh,Meerut
Paddy(Basmati),Uttar Pradesh,Meerut
Paddy(Common),Uttar Pradesh,Meerut
Papaya,Uttar Pradesh,Meerut
Peas(Dry),Uttar Pradesh,Meerut
Pegeon Pea(Arhar Fali),Uttar Pradesh,Meerut
Pomegranate,Uttar Pradesh,Meerut
Potato,Uttar Pradesh,Meerut
Pumpkin,Uttar Pradesh,Meerut
Rab/Liquid Jaggery/Molasses,Uttar Pradesh,Meerut
Raddish,Uttar Pradesh,Meerut
Rice,Uttar Pradesh,Meerut
Ridgeguard(Tori),Uttar Pradesh,Meerut
Sugar,Uttar Pradesh,Meerut
Sweet Saag,Uttar Pradesh,Meerut
Tomato,Uttar Pradesh,Meerut
Water Melon,Uttar Pradesh,Meerut
Wheat,Uttar Pradesh,Meerut
Wood,Uttar Pradesh,Meerut
Bajra(Pearl Millet/Cumbu),Uttar Pradesh,Mirzapur
Groundnut,Uttar Pradesh,Mirzapur
Mustard,Uttar Pradesh,Mirzapur
Onion,Uttar Pradesh,Mirzapur
Paddy(Common),Uttar Pradesh,Mirzapur
Potato,Uttar Pradesh,Mirzapur
Tomato,Uttar Pradesh,Mirzapur
Wheat,Uttar Pradesh,Mirzapur
Apple,Uttar Pradesh,Muzaffarnagar
Arhar Dal(Tur Dal),Uttar Pradesh,Muzaffarnagar
Arhar(Tur/Red Gram)(Whole),Uttar Pradesh,Muzaffarnagar
Banana,Uttar Pradesh,Muzaffarnagar
Banana - Green,Uttar Pradesh,Muzaffarnagar
Barley(Jau),Uttar Pradesh,Muzaffarnagar
Bengal Gram Dal(Chana Dal),Uttar Pradesh,Muzaffarnagar
Bengal Gram(Gram)(Whole),Uttar Pradesh,Muzaffarnagar
Ber(Zizyphus/Borehannu),Uttar Pradesh,Muzaffarnagar
Bhindi(Ladies Finger),Uttar Pradesh,Muzaffarnagar
Bitter gourd,Uttar Pradesh,Muzaffarnagar
Black Gram Dal(Urd Dal),Uttar Pradesh,Muzaffarnagar
Black Gram(Urd Beans)(Whole),Uttar Pradesh,Muzaffarnagar
Bottle gourd,Uttar Pradesh,Muzaffarnagar
Brinjal,Uttar Pradesh,Muzaffarnagar
Broken Rice,Uttar Pradesh,Muzaffarnagar
Cabbage,Uttar Pradesh,Muzaffarnagar
Capsicum,Uttar Pradesh,Muzaffarnagar
Carrot,Uttar Pradesh,Muzaffarnagar
Cauliflower,Uttar Pradesh,Muzaffarnagar
Chikoos(Sapota),Uttar Pradesh,Muzaffarnagar
Chili Red,Uttar Pradesh,Muzaffarnagar
Colacasia,Uttar Pradesh,Muzaffarnagar
Coriander(Leaves),Uttar Pradesh,Muzaffarnagar
Cotton,Uttar Pradesh,Muzaffarnagar
Cucumbar(Kheera),Uttar Pradesh,Muzaffarnagar
Field Pea,Uttar Pradesh,Muzaffarnagar
Firewood,Uttar Pradesh,Muzaffarnagar
Garlic,Uttar Pradesh,Muzaffarnagar
Ginger(Green),Uttar Pradesh,Muzaffarnagar
Gram Raw(Chholia),Uttar Pradesh,Muzaffarnagar
Grapes,Uttar Pradesh,Muzaffarnagar
Green Chilli,Uttar Pradesh,Muzaffarnagar
Green Gram Dal(Moong Dal),Uttar Pradesh,Muzaffarnagar
Green Gram(Moong)(Whole),Uttar Pradesh,Muzaffarnagar
Groundnut,Uttar Pradesh,Muzaffarnagar
Guava,Uttar Pradesh,Muzaffarnagar
Gur(Jaggery),Uttar Pradesh,Muzaffarnagar
Indian Beans(Seam),Uttar Pradesh,Muzaffarnagar
Jack Fruit(Ripe),Uttar Pradesh,Muzaffarnagar
Jowar(Sorghum),Uttar Pradesh,Muzaffarnagar
Karbuja(Musk Melon),Uttar Pradesh,Muzaffarnagar
Kinnow,Uttar Pradesh,Muzaffarnagar
Leafy Vegetable,Uttar Pradesh,Muzaffarnagar
Lemon,Uttar Pradesh,Muzaffarnagar
Lentil(Masur)(Whole),Uttar Pradesh,Muzaffarnagar
Little gourd(Kundru),Uttar Pradesh,Muzaffarnagar
Maize,Uttar Pradesh,Muzaffarnagar
Makhana(Foxnut),Uttar Pradesh,Muzaffarnagar
Mango,Uttar Pradesh,Muzaffarnagar
Masur Dal,Uttar Pradesh,Muzaffarnagar
Mousambi(Sweet Lime),Uttar Pradesh,Muzaffarnagar
Mustard,Uttar Pradesh,Muzaffarnagar
Mustard Oil,Uttar Pradesh,Muzaffarnagar
Onion,Uttar Pradesh,Muzaffarnagar
Orange,Uttar Pradesh,Muzaffarnagar
Paddy(Basmati),Uttar Pradesh,Muzaffarnagar
Paddy(Common),Uttar Pradesh,Muzaffarnagar
Papaya,Uttar Pradesh,Muzaffarnagar
Peas Wet,Uttar Pradesh,Muzaffarnagar
Peas(Dry),Uttar Pradesh,Muzaffarnagar
Pegeon Pea(Arhar Fali),Uttar Pradesh,Muzaffarnagar
Pomegranate,Uttar Pradesh,Muzaffarnagar
Potato,Uttar Pradesh,Muzaffarnagar
Pumpkin,Uttar Pradesh,Muzaffarnagar
Rab/Liquid Jaggery/Molasses,Uttar Pradesh,Muzaffarnagar
Raddish,Uttar Pradesh,Muzaffarnagar
Red gram/Arhar/Tur(whole),Uttar Pradesh,Muzaffarnagar
Rice,Uttar Pradesh,Muzaffarnagar
Ridgeguard(Tori),Uttar Pradesh,Muzaffarnagar
Seetapal,Uttar Pradesh,Muzaffarnagar
Spinach,Uttar Pradesh,Muzaffarnagar
Sponge gourd,Uttar Pradesh,Muzaffarnagar
Sugar,Uttar Pradesh,Muzaffarnagar
Sweet Potato,Uttar Pradesh,Muzaffarnagar
Tinda,Uttar Pradesh,Muzaffarnagar
Tomato,Uttar Pradesh,Muzaffarnagar
Turmeric,Uttar Pradesh,Muzaffarnagar
Water Melon,Uttar Pradesh,Muzaffarnagar
Wheat,Uttar Pradesh,Muzaffarnagar
Wood,Uttar Pradesh,Muzaffarnagar
Bajra(Pearl Millet/Cumbu),Uttar Pradesh,Pillibhit
Green Gram(Moong)(Whole),Uttar Pradesh,Pillibhit
Maize,Uttar Pradesh,Pillibhit
Mustard,Uttar Pradesh,Pillibhit
Onion,Uttar Pradesh,Pillibhit
Paddy(Common),Uttar Pradesh,Pillibhit
Potato,Uttar Pradesh,Pillibhit
Soyabean,Uttar Pradesh,Pillibhit
Tomato,Uttar Pradesh,Pillibhit
Wheat,Uttar Pradesh,Pillibhit
Arhar(Tur/Red Gram)(Whole),Uttar Pradesh,Pratapgarh
Bajra(Pearl Millet/Cumbu),Uttar Pradesh,Pratapgarh
Bengal Gram(Gram)(Whole),Uttar Pradesh,Pratapgarh
Mustard,Uttar Pradesh,Pratapgarh
Onion,Uttar Pradesh,Pratapgarh
Paddy(Common),Uttar Pradesh,Pratapgarh
Potato,Uttar Pradesh,Pratapgarh
Red gram/Arhar/Tur(whole),Uttar Pradesh,Pratapgarh
Tomato,Uttar Pradesh,Pratapgarh
Wheat,Uttar Pradesh,Pratapgarh
Bajra(Pearl Millet/Cumbu),Uttar Pradesh,Prayagraj
Barley(Jau),Uttar Pradesh,Prayagraj
Bengal Gram(Gram)(Whole),Uttar Pradesh,Prayagraj
Green Gram(Moong)(Whole),Uttar Pradesh,Prayagraj
Groundnut,Uttar Pradesh,Prayagraj
Maize,Uttar Pradesh,Prayagraj
Mustard,Uttar Pradesh,Prayagraj
Onion,Uttar Pradesh,Prayagraj
Paddy(Common),Uttar Pradesh,Prayagraj
Potato,Uttar Pradesh,Prayagraj
"Sesamum(Sesame,Gingelly,Til)",Uttar Pradesh,Prayagraj
Tomato,Uttar Pradesh,Prayagraj
Wheat,Uttar Pradesh,Prayagraj
Bajra(Pearl Millet/Cumbu),Uttar Pradesh,Raebarelli
Barley(Jau),Uttar Pradesh,Raebarelli
Bengal Gram(Gram)(Whole),Uttar Pradesh,Raebarelli
Green Gram(Moong)(Whole),Uttar Pradesh,Raebarelli
Groundnut,Uttar Pradesh,Raebarelli
Mustard,Uttar Pradesh,Raebarelli
Onion,Uttar Pradesh,Raebarelli
Paddy(Common),Uttar Pradesh,Raebarelli
Potato,Uttar Pradesh,Raebarelli
Tomato,Uttar Pradesh,Raebarelli
Wheat,Uttar Pradesh,Raebarelli
Bajra(Pearl Millet/Cumbu),Uttar Pradesh,Rampur
Green Gram(Moong)(Whole),Uttar Pradesh,Rampur
Maize,Uttar Pradesh,Rampur
Mustard,Uttar Pradesh,Rampur
Onion,Uttar Pradesh,Rampur
Paddy(Common),Uttar Pradesh,Rampur
Potato,Uttar Pradesh,Rampur
Soyabean,Uttar Pradesh,Rampur
Tomato,Uttar Pradesh,Rampur
Wheat,Uttar Pradesh,Rampur
Ambady/Mesta/Patson,Uttar Pradesh,Saharanpur
Apple,Uttar Pradesh,Saharanpur
Arhar Dal(Tur Dal),Uttar Pradesh,Saharanpur
Arhar(Tur/Red Gram)(Whole),Uttar Pradesh,Saharanpur
Bajra(Pearl Millet/Cumbu),Uttar Pradesh,Saharanpur
Banana,Uttar Pradesh,Saharanpur
Banana - Green,Uttar Pradesh,Saharanpur
Barley(Jau),Uttar Pradesh,Saharanpur
Beetroot,Uttar Pradesh,Saharanpur
Bengal Gram Dal(Chana Dal),Uttar Pradesh,Saharanpur
Bengal Gram(Gram)(Whole),Uttar Pradesh,Saharanpur
Ber(Zizyphus/Borehannu),Uttar Pradesh,Saharanpur
Bhindi(Ladies Finger),Uttar Pradesh,Saharanpur
Bitter gourd,Uttar Pradesh,Saharanpur
Black Gram Dal(Urd Dal),Uttar Pradesh,Saharanpur
Black Gram(Urd Beans)(Whole),Uttar Pradesh,Saharanpur
Bottle gourd,Uttar Pradesh,Saharanpur
Brinjal,Uttar Pradesh,Saharanpur
Broken Rice,Uttar Pradesh,Saharanpur
Cabbage,Uttar Pradesh,Saharanpur
Capsicum,Uttar Pradesh,Saharanpur
Carrot,Uttar Pradesh,Saharanpur
Cauliflower,Uttar Pradesh,Saharanpur
Chikoos(Sapota),Uttar Pradesh,Saharanpur
Chili Red,Uttar Pradesh,Saharanpur
Colacasia,Uttar Pradesh,Saharanpur
Coriander(Leaves),Uttar Pradesh,Saharanpur
Cotton,Uttar Pradesh,Saharanpur
Cowpea(Lobia/Karamani),Uttar Pradesh,Saharanpur
Cucumbar(Kheera),Uttar Pradesh,Saharanpur
Dhaincha,Uttar Pradesh,Saharanpur
Field Pea,Uttar Pradesh,Saharanpur
Firewood,Uttar Pradesh,Saharanpur
French Beans(Frasbean),Uttar Pradesh,Saharanpur
Garlic,Uttar Pradesh,Saharanpur
Ginger(Green),Uttar Pradesh,Saharanpur
Gram Raw(Chholia),Uttar Pradesh,Saharanpur
Grapes,Uttar Pradesh,Saharanpur
Green Chilli,Uttar Pradesh,Saharanpur
Green Gram Dal(Moong Dal),Uttar Pradesh,Saharanpur
Green Gram(Moong)(Whole),Uttar Pradesh,Saharanpur
Groundnut,Uttar Pradesh,Saharanpur
Guava,Uttar Pradesh,Saharanpur
Gur(Jaggery),Uttar Pradesh,Saharanpur
Jack Fruit(Ripe),Uttar Pradesh,Saharanpur
Jowar(Sorghum),Uttar Pradesh,Saharanpur
Karbuja(Musk Melon),Uttar Pradesh,Saharanpur
Kinnow,Uttar Pradesh,Saharanpur
Lak(Teora),Uttar Pradesh,Saharanpur
Lemon,Uttar Pradesh,Saharanpur
Lentil(Masur)(Whole),Uttar Pradesh,Saharanpur
Litchi,Uttar Pradesh,Saharanpur
Maize,Uttar Pradesh,Saharanpur
Makhana(Foxnut),Uttar Pradesh,Saharanpur
Mango,Uttar Pradesh,Saharanpur
Mango(Raw-Ripe),Uttar Pradesh,Saharanpur
Masur Dal,Uttar Pradesh,Saharanpur
Methi Seeds,Uttar Pradesh,Saharanpur
Mousambi(Sweet Lime),Uttar Pradesh,Saharanpur
Mustard,Uttar Pradesh,Saharanpur
Mustard Oil,Uttar Pradesh,Saharanpur
Onion,Uttar Pradesh,Saharanpur
Onion Green,Uttar Pradesh,Saharanpur
Orange,Uttar Pradesh,Saharanpur
Paddy(Basmati),Uttar Pradesh,Saharanpur
Paddy(Common),Uttar Pradesh,Saharanpur
Papaya,Uttar Pradesh,Saharanpur
Papaya(Raw),Uttar Pradesh,Saharanpur
Pea Pod/Pea Cod/हरी मटर,Uttar Pradesh,Saharanpur
Peas(Dry),Uttar Pradesh,Saharanpur
Pegeon Pea(Arhar Fali),Uttar Pradesh,Saharanpur
Pomegranate,Uttar Pradesh,Saharanpur
Potato,Uttar Pradesh,Saharanpur
Pumpkin,Uttar Pradesh,Saharanpur
Rab/Liquid Jaggery/Molasses,Uttar Pradesh,Saharanpur
Raddish,Uttar Pradesh,Saharanpur
Red gram/Arhar/Tur(whole),Uttar Pradesh,Saharanpur
Rice,Uttar Pradesh,Saharanpur
Ridgeguard(Tori),Uttar Pradesh,Saharanpur
Round gourd,Uttar Pradesh,Saharanpur
"Sesamum(Sesame,Gingelly,Til)",Uttar Pradesh,Saharanpur
Soanf,Uttar Pradesh,Saharanpur
Spinach,Uttar Pradesh,Saharanpur
Sponge gourd,Uttar Pradesh,Saharanpur
Sugar,Uttar Pradesh,Saharanpur
Sweet Potato,Uttar Pradesh,Saharanpur
Sweet Saag,Uttar Pradesh,Saharanpur
Tinda,Uttar Pradesh,Saharanpur
Tobacco,Uttar Pradesh,Saharanpur
Tomato,Uttar Pradesh,Saharanpur
Turmeric,Uttar Pradesh,Saharanpur
Turnip,Uttar Pradesh,Saharanpur
Water Melon,Uttar Pradesh,Saharanpur
Wheat,Uttar Pradesh,Saharanpur
Wood,Uttar Pradesh,Saharanpur
dried mango,Uttar Pradesh,Saharanpur
Bajra(Pearl Millet/Cumbu),Uttar Pradesh,Sambhal
Barley(Jau),Uttar Pradesh,Sambhal
Bengal Gram(Gram)(Whole),Uttar Pradesh,Sambhal
Black Gram(Urd Beans)(Whole),Uttar Pradesh,Sambhal
Green Gram(Moong)(Whole),Uttar Pradesh,Sambhal
Groundnut,Uttar Pradesh,Sambhal
Jowar(Sorghum),Uttar Pradesh,Sambhal
Lentil(Masur)(Whole),Uttar Pradesh,Sambhal
Maize,Uttar Pradesh,Sambhal
Mustard,Uttar Pradesh,Sambhal
Onion,Uttar Pradesh,Sambhal
Paddy(Common),Uttar Pradesh,Sambhal
Potato,Uttar Pradesh,Sambhal
Soyabean,Uttar Pradesh,Sambhal
Tomato,Uttar Pradesh,Sambhal
Wheat,Uttar Pradesh,Sambhal
Groundnut,Uttar Pradesh,Sant Kabir Nagar
Onion,Uttar Pradesh,Sant Kabir Nagar
Paddy(Common),Uttar Pradesh,Sant Kabir Nagar
Potato,Uttar Pradesh,Sant Kabir Nagar
Tomato,Uttar Pradesh,Sant Kabir Nagar
Wheat,Uttar Pradesh,Sant Kabir Nagar
Arhar(Tur/Red Gram)(Whole),Uttar Pradesh,Shahjahanpur
Bajra(Pearl Millet/Cumbu),Uttar Pradesh,Shahjahanpur
Green Gram(Moong)(Whole),Uttar Pradesh,Shahjahanpur
Groundnut,Uttar Pradesh,Shahjahanpur
Maize,Uttar Pradesh,Shahjahanpur
Mustard,Uttar Pradesh,Shahjahanpur
Onion,Uttar Pradesh,Shahjahanpur
Paddy(Common),Uttar Pradesh,Shahjahanpur
Potato,Uttar Pradesh,Shahjahanpur
Red gram/Arhar/Tur(whole),Uttar Pradesh,Shahjahanpur
"Sesamum(Sesame,Gingelly,Til)",Uttar Pradesh,Shahjahanpur
Tomato,Uttar Pradesh,Shahjahanpur
Wheat,Uttar Pradesh,Shahjahanpur
Apple,Uttar Pradesh,Shamli
Arhar Dal(Tur Dal),Uttar Pradesh,Shamli
Arhar(Tur/Red Gram)(Whole),Uttar Pradesh,Shamli
Ashgourd,Uttar Pradesh,Shamli
Bajra(Pearl Millet/Cumbu),Uttar Pradesh,Shamli
Banana - Green,Uttar Pradesh,Shamli
Barley(Jau),Uttar Pradesh,Shamli
Bengal Gram Dal(Chana Dal),Uttar Pradesh,Shamli
Bengal Gram(Gram)(Whole),Uttar Pradesh,Shamli
Ber(Zizyphus/Borehannu),Uttar Pradesh,Shamli
Bhindi(Ladies Finger),Uttar Pradesh,Shamli
Bitter gourd,Uttar Pradesh,Shamli
Black Gram Dal(Urd Dal),Uttar Pradesh,Shamli
Black Gram(Urd Beans)(Whole),Uttar Pradesh,Shamli
Bottle gourd,Uttar Pradesh,Shamli
Brinjal,Uttar Pradesh,Shamli
Cabbage,Uttar Pradesh,Shamli
Carrot,Uttar Pradesh,Shamli
Cauliflower,Uttar Pradesh,Shamli
Chikoos(Sapota),Uttar Pradesh,Shamli
Colacasia,Uttar Pradesh,Shamli
Coriander(Leaves),Uttar Pradesh,Shamli
Cucumbar(Kheera),Uttar Pradesh,Shamli
Field Pea,Uttar Pradesh,Shamli
Firewood,Uttar Pradesh,Shamli
Garlic,Uttar Pradesh,Shamli
Ginger(Green),Uttar Pradesh,Shamli
Gram Raw(Chholia),Uttar Pradesh,Shamli
Grapes,Uttar Pradesh,Shamli
Green Chilli,Uttar Pradesh,Shamli
Green Gram Dal(Moong Dal),Uttar Pradesh,Shamli
Green Gram(Moong)(Whole),Uttar Pradesh,Shamli
Groundnut,Uttar Pradesh,Shamli
Guava,Uttar Pradesh,Shamli
Gur(Jaggery),Uttar Pradesh,Shamli
Jack Fruit(Ripe),Uttar Pradesh,Shamli
Jaee,Uttar Pradesh,Shamli
Jowar(Sorghum),Uttar Pradesh,Shamli
Karbuja(Musk Melon),Uttar Pradesh,Shamli
Khandsari(Desi Khand),Uttar Pradesh,Shamli
Kinnow,Uttar Pradesh,Shamli
Lak(Teora),Uttar Pradesh,Shamli
Lemon,Uttar Pradesh,Shamli
Lentil(Masur)(Whole),Uttar Pradesh,Shamli
Litchi,Uttar Pradesh,Shamli
Lukad,Uttar Pradesh,Shamli
Maize,Uttar Pradesh,Shamli
Mango,Uttar Pradesh,Shamli
Mango(Raw-Ripe),Uttar Pradesh,Shamli
Masur Dal,Uttar Pradesh,Shamli
Mousambi(Sweet Lime),Uttar Pradesh,Shamli
Mustard,Uttar Pradesh,Shamli
Mustard Oil,Uttar Pradesh,Shamli
Onion,Uttar Pradesh,Shamli
Papaya,Uttar Pradesh,Shamli
Papaya(Raw),Uttar Pradesh,Shamli
Pea Pod/Pea Cod/हरी मटर,Uttar Pradesh,Shamli
Peach,Uttar Pradesh,Shamli
Pear(Marasebu),Uttar Pradesh,Shamli
Peas(Dry),Uttar Pradesh,Shamli
Pegeon Pea(Arhar Fali),Uttar Pradesh,Shamli
Pomegranate,Uttar Pradesh,Shamli
Potato,Uttar Pradesh,Shamli
Pumpkin,Uttar Pradesh,Shamli
Rab/Liquid Jaggery/Molasses,Uttar Pradesh,Shamli
Raddish,Uttar Pradesh,Shamli
Red gram/Arhar/Tur(whole),Uttar Pradesh,Shamli
Rice,Uttar Pradesh,Shamli
Ridgeguard(Tori),Uttar Pradesh,Shamli
Sponge gourd,Uttar Pradesh,Shamli
Sugar,Uttar Pradesh,Shamli
Sweet Potato,Uttar Pradesh,Shamli
Tinda,Uttar Pradesh,Shamli
Tomato,Uttar Pradesh,Shamli
Turmeric,Uttar Pradesh,Shamli
Water Melon,Uttar Pradesh,Shamli
Wheat,Uttar Pradesh,Shamli
White Peas,Uttar Pradesh,Shamli
Wood,Uttar Pradesh,Shamli
Maize,Uttar Pradesh,Shravasti
Mustard,Uttar Pradesh,Shravasti
Onion,Uttar Pradesh,Shravasti
Paddy(Common),Uttar Pradesh,Shravasti
Potato,Uttar Pradesh,Shravasti
Tomato,Uttar Pradesh,Shravasti
Wheat,Uttar Pradesh,Shravasti
Bengal Gram(Gram)(Whole),Uttar Pradesh,Siddharth Nagar
Groundnut,Uttar Pradesh,Siddharth Nagar
Maize,Uttar Pradesh,Siddharth Nagar
Onion,Uttar Pradesh,Siddharth Nagar
Paddy(Common),Uttar Pradesh,Siddharth Nagar
Potato,Uttar Pradesh,Siddharth Nagar
Tomato,Uttar Pradesh,Siddharth Nagar
Wheat,Uttar Pradesh,Siddharth Nagar
Bengal Gram(Gram)(Whole),Uttar Pradesh,Sitapur
Green Gram(Moong)(Whole),Uttar Pradesh,Sitapur
Jowar(Sorghum),Uttar Pradesh,Sitapur
Lentil(Masur)(Whole),Uttar Pradesh,Sitapur
Maize,Uttar Pradesh,Sitapur
Mustard,Uttar Pradesh,Sitapur
Onion,Uttar Pradesh,Sitapur
Paddy(Common),Uttar Pradesh,Sitapur
Potato,Uttar Pradesh,Sitapur
"Sesamum(Sesame,Gingelly,Til)",Uttar Pradesh,Sitapur
Tomato,Uttar Pradesh,Sitapur
Wheat,Uttar Pradesh,Sitapur
Arhar(Tur/Red Gram)(Whole),Uttar Pradesh,Sonbhadra
Barley(Jau),Uttar Pradesh,Sonbhadra
Jowar(Sorghum),Uttar Pradesh,Sonbhadra
Maize,Uttar Pradesh,Sonbhadra
Mustard,Uttar Pradesh,Sonbhadra
Onion,Uttar Pradesh,Sonbhadra
Paddy(Common),Uttar Pradesh,Sonbhadra
Potato,Uttar Pradesh,Sonbhadra
Red gram/Arhar/Tur(whole),Uttar Pradesh,Sonbhadra
Tomato,Uttar Pradesh,Sonbhadra
Wheat,Uttar Pradesh,Sonbhadra
Bajra(Pearl Millet/Cumbu),Uttar Pradesh,Unnao
Groundnut,Uttar Pradesh,Unnao
Jowar(Sorghum),Uttar Pradesh,Unnao
Maize,Uttar Pradesh,Unnao
Mustard,Uttar Pradesh,Unnao
Onion,Uttar Pradesh,Unnao
Paddy(Common),Uttar Pradesh,Unnao
Potato,Uttar Pradesh,Unnao
"Sesamum(Sesame,Gingelly,Til)",Uttar Pradesh,Unnao
Tomato,Uttar Pradesh,Unnao
Wheat,Uttar Pradesh,Unnao
Arhar(Tur/Red Gram)(Whole),Uttar Pradesh,Varanasi
Bajra(Pearl Millet/Cumbu),Uttar Pradesh,Varanasi
Barley(Jau),Uttar Pradesh,Varanasi
Bengal Gram(Gram)(Whole),Uttar Pradesh,Varanasi
Green Gram(Moong)(Whole),Uttar Pradesh,Varanasi
Groundnut,Uttar Pradesh,Varanasi
Jowar(Sorghum),Uttar Pradesh,Varanasi
Maize,Uttar Pradesh,Varanasi
Mustard,Uttar Pradesh,Varanasi
Onion,Uttar Pradesh,Varanasi
Paddy(Common),Uttar Pradesh,Varanasi
Potato,Uttar Pradesh,Varanasi
Red gram/Arhar/Tur(whole),Uttar Pradesh,Varanasi
"Sesamum(Sesame,Gingelly,Til)",Uttar Pradesh,Varanasi
Tomato,Uttar Pradesh,Varanasi
Wheat,Uttar Pradesh,Varanasi
